Workbook
Name a: #REF!
Name AAA: #REF!
Name AAAA: #REF!
Name AAAAAA: #REF!
Name abc: #REF!
Name abc_1: [1]!Command_Click
Name abc_1: [1]!Command_Click
Name aplcode: #REF!
Name aplname: #REF!
Name b: #REF!
Name Command_Click: [1]!Command_Click
Name Command_Click: [1]!Command_Click
Name Command_Click: [1]!Command_Click
Name d: #REF!
Name h: #REF!
Name l: #REF!
Name o: #REF!
Name p: #REF!
Name qqq: #N/A
Name t: #REF!
Name t: #REF!
Name t: #REF!
Name xxxx: #REF!
Name z: #REF!
Name あ: #N/A
Name クエリー1: #N/A
Name こ: #REF!
Name ﾌｫｰﾑ: #REF!
Name ﾌﾟﾛｸﾞﾗﾑｺｰﾄﾞ: #N/A
Name ﾌﾟﾛｸﾞﾗﾑｺｰﾄﾞ: #N/A
Name 業務名: #N/A
Name 業務名: #N/A
Name 顧客名: #N/A
Name 顧客名: #N/A
Name 所属: #N/A
Name 所属: #N/A
Name 所属: #N/A
Name 所属: #N/A
Name 新郵便番号対応: #N/A
Name 新郵便番号対応: #N/A
Name 大和證券: #N/A
Name 大和證券: #N/A

Sheet 表紙
G15: ＩＴａ１仕様書（兼報告書）
D20: モジュールＩＤ | F20: MAQR6100
D21: モジュール名称 | F21: ＡＣＰ提携重複勘定再設定勘定設定例外事項Ｃ／Ｃデータ作成

Sheet 改訂履歴
A1: ﾀｲﾄﾙ: | C1: ＩＴａ１仕様書（兼報告書） | Q1: Ver | S1: 最終承認日 | Y1: 45807 | AF1: 最終更新者・会社略称 | AL1: 馬ソウ香 | AQ1: JNW | AS1: 最終更新日 | AW1: 45797
Q2: 1 | S2: 最終承認者・会社略称 | Y2: 安達副部長 | AD2: DIR | AF2: 新規作成者・会社略称 | AL2: 馬ソウ香 | AQ2: JNW | AS2: 新規作成日 | AW2: 45797
A4: 改 訂 履 歴
A6: Ver. | C6: 案件番号 案件名 | M6: 改訂箇所 | T6: 改訂年月日 (yyyy.mm.dd) | X6: 会社略称 担当者 | AC6: 備 考
A9: 1 | C9: R24-0122-02 | M9: 新規作成 | T9: 45797 | X9: JNW
C10: 提携用口座移管機能構築（概要設計） | X10: 馬ソウ香

Sheet 改訂内容
A1: ﾀｲﾄﾙ: | C1: ＩＴａ１仕様書（兼報告書） | Q1: Ver | S1: 最終承認日 | Y1: =改訂履歴!Y1 -> 45807 | AF1: 最終更新者・会社略称 | AL1: =改訂履歴!AL1 -> 馬ソウ香 | AQ1: JNW | AS1: 最終更新日 | AW1: =改訂履歴!AW1 -> 45797
Q2: 1 | S2: 最終承認者・会社略称 | Y2: =改訂履歴!Y2 -> 安達副部長 | AD2: DIR | AF2: 新規作成者・会社略称 | AL2: =改訂履歴!AL1 -> 馬ソウ香 | AQ2: JNW | AS2: 新規作成日 | AW2: =改訂履歴!AW2 -> 45797
A4: 改 訂 内 容
A6: Ver. | C6: 改 訂 内 容
A9: 1 | D9: 新規作成

Sheet 目次
A1: ﾀｲﾄﾙ: | C1: ＩＴａ１仕様書（兼報告書） | Q1: Ver | S1: 最終承認日 | Y1: =改訂履歴!Y1 -> 45807 | AF1: 最終更新者・会社略称 | AL1: =改訂履歴!AL1 -> 馬ソウ香 | AQ1: JNW | AS1: 最終更新日 | AW1: =改訂履歴!AW1 -> 45797
Q2: 1 | S2: 最終承認者・会社略称 | Y2: =改訂履歴!Y2 -> 安達副部長 | AD2: DIR | AF2: 新規作成者・会社略称 | AL2: =改訂履歴!AL1 -> 馬ソウ香 | AQ2: JNW | AS2: 新規作成日 | AW2: =改訂履歴!AW2 -> 45797
A3: モジュールＩＤ： | F3: モジュール名称：
A4: MAQR6100 | F4: ＡＣＰ提携重複勘定再設定勘定設定例外事項Ｃ／Ｃデータ作成
A5: 目 次
B9: １．前提
B11: ２．ＩＴａ１一覧表
B13: ３．ＩＴａ１詳細表
B15: ４. 入力データ設計・出力結果予想
B17: ５．ＩＴａ１チェックリスト（バッチ）

Sheet 前提
A1: ﾀｲﾄﾙ: | C1: ＩＴａ１仕様書（兼報告書） | Q1: Ver | S1: 最終承認日 | Y1: =改訂履歴!Y1 -> 45807 | AF1: 最終更新者・会社略称 | AL1: =改訂履歴!AL1 -> 馬ソウ香 | AQ1: JNW | AS1: 最終更新日 | AW1: =改訂履歴!AW1 -> 45797
Q2: 1 | S2: 最終承認者・会社略称 | Y2: =改訂履歴!Y2 -> 安達副部長 | AD2: DIR | AF2: 新規作成者・会社略称 | AL2: =改訂履歴!AL1 -> 馬ソウ香 | AQ2: JNW | AS2: 新規作成日 | AW2: =改訂履歴!AW2 -> 45797
A3: モジュールＩＤ： | F3: モジュール名称：
A4: =目次!A4 -> MAQR6100 | F4: =目次!F4 -> ＡＣＰ提携重複勘定再設定勘定設定例外事項Ｃ／Ｃデータ作成
B6: １．前提
D8: 本設計書は次の設計図書に基づき作成した。
B10: Ｎｏ． | D10: 成果物種類 | L10: 成果物番号 | Q10: Ｖｅｒ． | T10: 成果物名称 | AS10: 備考
B12: 1 | D12: モジュール階層図 | T12: 該当なし
B14: 2 | D14: プロセスフロー | T14: 該当なし
B16: 3 | D16: 業務要件定義書 | T16: 該当なし
B18: 4 | D18: 業務プロセス定義書 | Q18: 1.01 | T18: MAQR6100ＡＣＰ提携重複勘定再設定勘定設定例外事項Ｃ／Ｃデータ作成[システムプロセス設計書].xls
B20: 5 | D20: モジュール仕様書 | T20: 該当なし
B22: 6 | D22: 画面設計書 | T22: 該当なし
B24: 7 | D24: 帳票設計書 | T24: 該当なし
B26: 8 | D26: 電文レイアウト | T26: 該当なし
B28: 9 | D28: ファイルレイアウト | T28: 該当なし
B30: 10 | D30: 論理データモデル | T30: 該当なし
B32: 11 | D32: 日本語マクロガイド | T32: 該当なし
B34: 12

Sheet ＩＴａ１一覧表
C1: ＩＴａ１仕様書（兼報告書） | Q1: Ver | S1: 最終承認日 | Y1: =改訂履歴!Y1 -> 45807 | AF1: 最終更新者・会社略称 | AL1: =改訂履歴!AL1 -> 馬ソウ香 | AQ1: JNW | AS1: 最終更新日 | AW1: =改訂履歴!AW1 -> 45797
Q2: 1 | S2: 最終承認者・会社略称 | Y2: 安達副部長 | AD2: DIR | AF2: 新規作成者・会社略称 | AL2: =改訂履歴!AL1 -> 馬ソウ香 | AQ2: JNW | AS2: 新規作成日 | AW2: =改訂履歴!AW2 -> 45797
A3: モジュールＩＤ： | F3: モジュール名称： | W3: ライン数 | AC3: 目標テストケース数 | AI3: テストケース合計数 | AO3: 目標バグ検出件数 | AU3: バグ検出件数
A4: =目次!A4 -> MAQR6100 | F4: =目次!F4 -> ＡＣＰ提携重複勘定再設定勘定設定例外事項Ｃ／Ｃデータ作成 | W4: 242 | AC4: =+W4/1000*30 -> 7.26 | AI4: =SUM(AE10:AE19) -> 9 | AO4: =+W4/1000*1.5 -> 0.363 | AU4: 0
A7: ＜ＩＴａ１テストケース一覧表＞
A8: ﾃｽﾄｹｰｽ 番号 | C8: テストケース内容 | AE8: 件 | AF8: 詳細表 有無 | AI8: ﾃｽﾄ開始予定日 | AM8: ﾃｽﾄ終了予定日 | AQ8: ﾃｽﾄ終了 確認者 | AT8: ﾃｽﾄ終了 承認日 | AX8: ﾃｽﾄ終了 承認者
AE9: 数 | AI9: ﾃｽﾄ開始日 | AM9: ﾃｽﾄ終了日
A10: 001 | C10: HAEV46R、HAEX62Rの入力件数が全て0件の場合、 MAQR6100が正常終了、HAEV64Wに出力されないことを確認する。 | AE10: 1 | AF10: 無 | AI10: 45793 | AM10: 45796 | AQ10: JNW 馬ソウ香 | AT10: 45797 | AX10: JNW 徐暁明
AI11: 45793 | AM11: 45796
A12: 002 | C12: HAEV46Rの入力件数が0件、HAEX62Rの入力件数≠0件の場合、 MAQR6100が正常終了、HAEV64Wに出力されないことを確認する。 | AE12: 1 | AF12: 無 | AI12: 45793 | AM12: 45796 | AQ12: JNW 馬ソウ香 | AT12: 45797 | AX12: JNW 徐暁明
AI13: 45793 | AM13: 45796
A14: 003 | C14: HAEV46Rの入力件数≠0件、HAEX62Rの入力件数が0件の場合、 MAQR6100が正常終了、HAEV64Wに出力されないことを確認する。 | AE14: 1 | AF14: 無 | AI14: 45793 | AM14: 45796 | AQ14: JNW 馬ソウ香 | AT14: 45797 | AX14: JNW 徐暁明
AI15: 45793 | AM15: 45796
A16: 004 | C16: HAEV46R、HAEX62Rの入力件数≠0件の場合、 MAQR6100が正常終了、HAEV64Wに出力結果が編集仕様正しく反映されることを確認する。 | AE16: 3 | AF16: 有 | AI16: 45793 | AM16: 45796 | AQ16: JNW 馬ソウ香 | AT16: 45797 | AX16: JNW 徐暁明
AI17: 45793 | AM17: 45796
A18: 005 | C18: 下位モジュール【VQAP02】の実行結果がエラーの場合、 MAQR6100が異常終了して、エラーメッセージ出力することを確認する。 | AE18: 3 | AF18: 有 | AI18: 45793 | AM18: 45796 | AQ18: JNW 馬ソウ香 | AT18: 45797 | AX18: JNW 徐暁明
AI19: 45793 | AM19: 45796
A20: 補足事項：

Sheet ＩＴａ１詳細表（004）
A1: ﾀｲﾄﾙ: | C1: ＩＴａ１仕様書（兼報告書） | Q1: Ver | S1: 最終承認日 | Y1: =改訂履歴!Y1 -> 45807 | AF1: 最終更新者・会社略称 | AL1: =改訂履歴!AL1 -> 馬ソウ香 | AQ1: JNW | AS1: 最終更新日 | AW1: =改訂履歴!AW1 -> 45797
Q2: 1 | S2: 最終承認者・会社略称 | Y2: 安達副部長 | AD2: DIR | AF2: 新規作成者・会社略称 | AL2: =改訂履歴!AL1 -> 馬ソウ香 | AQ2: JNW | AS2: 新規作成日 | AW2: =改訂履歴!AW2 -> 45797
A3: モジュールＩＤ： | F3: モジュール名称： | AF3: 件数 | AL3: バグ検出件数
A4: MAQR6100 | F4: =目次!F4 -> ＡＣＰ提携重複勘定再設定勘定設定例外事項Ｃ／Ｃデータ作成 | AF4: 3 | AL4: 0
A6: ＜ＩＴａ１テストケース詳細表＞
B8: テストケース番号・名称：004・ | K8: HAEV46R、HAEX62Rの入力件数≠0件の場合、
K9: MAQR6100が正常終了、HAEV64Wに出力結果が編集仕様正しく反映されることを確認する。
C10: テストケースサブ番号（２桁） | AC10: 01 | AE10: 02 | AG10: 03
C11: テストケース内容
A12: 条件 | C12: HAEV46R-マスタキー= HAEX62R-トランキー | Q12: マスタ：トラン ＝ 1：1 | AC12: Y
C13: HAEV46R-マスタキー< HAEX62R-トランキー | Q13: マスタ：トラン ＝ 1：0 | AE13: Y
C14: HAEV46R-マスタキー> HAEX62R-トランキー | Q14: マスタ：トラン ＝ 0：1 | AG14: Y
A15: 処理 | C15: MAQR6100が正常終了することを確認する。 | AC15: 〇 | AE15: 〇 | AG15: 〇
C16: HAEV64Wに出力結果が正しく反映されることを確認する。 | AC16: 〇
V17: テストショット番号 | AC17: 004-01 | AE17: 004-02 | AG17: 004-03
V18: 検証番号 | AC18: 004-01 | AE18: 004-02 | AG18: 004-03
V19: 45796 | AC19: OK | AE19: OK | AG19: OK
V20: 検証媒体： 画面
V21: XPEDITE

Sheet ＩＴａ１詳細表（005）
A1: ﾀｲﾄﾙ: | C1: ＩＴａ１仕様書（兼報告書） | Q1: Ver | S1: 最終承認日 | Y1: =改訂履歴!Y1 -> 45807 | AF1: 最終更新者・会社略称 | AL1: =改訂履歴!AL1 -> 馬ソウ香 | AQ1: JNW | AS1: 最終更新日 | AW1: =改訂履歴!AW1 -> 45797
Q2: 1 | S2: 最終承認者・会社略称 | Y2: 安達副部長 | AD2: DIR | AF2: 新規作成者・会社略称 | AL2: =改訂履歴!AL1 -> 馬ソウ香 | AQ2: JNW | AS2: 新規作成日 | AW2: =改訂履歴!AW2 -> 45797
A3: モジュールＩＤ： | F3: モジュール名称： | AF3: 件数 | AL3: バグ検出件数
A4: MAQR6100 | F4: =目次!F4 -> ＡＣＰ提携重複勘定再設定勘定設定例外事項Ｃ／Ｃデータ作成 | AF4: 3 | AL4: 0
A6: ＜ＩＴａ１テストケース詳細表＞
B8: テストケース番号・名称：005・ | K8: 下位モジュール【VQAP02】の実行結果がエラーの場合、
K9: MAQR6100が異常終了、エラーメッセージ出力することを確認する。
C10: テストケースサブ番号（２桁） | AC10: 01 | AE10: 02 | AG10: 03
C11: テストケース内容
A12: 条件 | C12: 提携銀行キーＮＩＳＡ口座ファイル(HAEV46R) | AC12: Y
C13: 提携銀行ＮＩＳＡ口座データ（開設）(HAEX62R) | AE13: Y
C14: 勘定設定例外事項Ｃ／Ｃ更新データ(HAEV64W) | AG14: Y
C15: 共通＿ジョブログ出力機能(VQAP02) | Q15: 処理結果コード＿正常
Q16: 処理結果コード＿異常 | AC16: Y | AE16: Y | AG16: Y
A17: 処理 | C17: MAQR6100が異常終了、エラーメッセージ出力することを確認する。 (コンソールメッセージＩＤ：F000013) | AC17: 〇 | AE17: 〇 | AG17: 〇
V18: テストショット番号 | AC18: 005-01 | AE18: 005-02 | AG18: 005-03
V19: 検証番号 | AC19: 005-01 | AE19: 005-02 | AG19: 005-03
V20: 45796 | AC20: OK | AE20: OK | AG20: OK
V21: 検証媒体： 画面
V22: XPEDITE

Sheet 入力データ設計・出力結果予想
A1: ﾀｲﾄﾙ: | C1: ＩＴａ１仕様書（兼報告書） | Q1: Ver | S1: 最終承認日 | Y1: =改訂履歴!Y1 -> 45807 | AF1: 最終更新者・会社略称 | AL1: =改訂履歴!AL1 -> 馬ソウ香 | AQ1: JNW | AS1: 最終更新日 | AW1: =改訂履歴!AW1 -> 45797
Q2: 1 | S2: 最終承認者・会社略称 | Y2: =改訂履歴!Y2 -> 安達副部長 | AD2: DIR | AF2: 新規作成者・会社略称 | AL2: =改訂履歴!AL1 -> 馬ソウ香 | AQ2: JNW | AS2: 新規作成日 | AW2: =改訂履歴!AW2 -> 45797
A3: モジュールＩＤ： | F3: モジュール名称： | AF3: 件数 | AL3: バグ検出件数
A4: MAQR6100 | F4: =目次!F4 -> ＡＣＰ提携重複勘定再設定勘定設定例外事項Ｃ／Ｃデータ作成 | AF4: 5 | AL4: 0
A6: ＜入力データ設計・出力結果予想＞
B7: テストケース番号：001 | H7: HAEV46R、HAEX62Rの入力件数が全て0件の場合、
H8: MAQR6100が正常終了、HAEV64Wに出力されないことを確認する。
B10: テストケース 番号 | F10: 入力データ設計 | V10: 出力結果予想 | AF10: 件数表示 | AP10: 検証資料 | AY10: チェック日
F12: HAEV46R | N12: HAEX62R | V12: HAEV64W
AF14: 新モジュール
B15: 001 | F15: 0件 | N15: 0件 | V15: 0件 | AF15: MAQR6100 HAEV46R KENSU = 000000000 MAQR6100 HAEX62R KENSU = 000000000 MAQR6100 HAEV64W KENSU = 000000000 | AP15: HAEV46R:D05709.A2307003.MAQR6100.HAEV46R.T01 HAEX62R:D05709.A2307003.MAQR6100.HAEX62R.T01 HAEV64W:D05709.A2307003.MAQR6100.HAEV64W.T01 JOBLOG:MAQR6100_RUN01.xls | AY15: 45796
B17: テストケース番号：002 | H17: HAEV46Rの入力件数が0件、HAEX62Rの入力件数≠0件の場合、
H18: MAQR6100が正常終了、HAEV64Wに出力されないことを確認する。
B20: テストケース 番号 | F20: 入力データ設計 | V20: 出力結果予想 | AF20: 件数表示 | AP20: 検証資料 | AY20: チェック日
F22: HAEV46R | N22: HAEX62R | V22: HAEV64W
AF24: 新モジュール
B25: 002 | F25: 0件 | N25: 1件 | V25: 0件 | AF25: MAQR6100 HAEV46R KENSU = 000000000 MAQR6100 HAEX62R KENSU = 000000001 MAQR6100 HAEV64W KENSU = 000000000 | AP25: HAEV46R:D05709.A2307003.MAQR6100.HAEV46R.T02 HAEX62R:D05709.A2307003.MAQR6100.HAEX62R.T02 HAEV64W:D05709.A2307003.MAQR6100.HAEV64W.T02 JOBLOG:MAQR6100_RUN02.xls | AY25: 45796
B27: テストケース番号：003 | H27: HAEV46Rの入力件数≠0件、HAEX62Rの入力件数が0件の場合、
H28: MAQR6100が正常終了、HAEV64Wに出力されないことを確認する。
B30: テストケース 番号 | F30: 入力データ設計 | V30: 出力結果予想 | AF30: 件数表示 | AP30: 検証資料 | AY30: チェック日
F32: HAEV46R | N32: HAEX62R | V32: HAEV64W
AF34: 新モジュール
B35: 003 | F35: 1件 | N35: 0件 | V35: 0件 | AF35: MAQR6100 HAEV46R KENSU = 000000001 MAQR6100 HAEX62R KENSU = 000000000 MAQR6100 HAEV64W KENSU = 000000000 | AP35: HAEV46R:D05709.A2307003.MAQR6100.HAEV46R.T03 HAEX62R:D05709.A2307003.MAQR6100.HAEX62R.T03 HAEV64W:D05709.A2307003.MAQR6100.HAEV64W.T03 JOBLOG:MAQR6100_RUN03.xls | AY35: 45796
B37: テストケース番号：004 | H37: HAEV46R、HAEX62Rの入力件数≠0件の場合、
H38: MAQR6100が正常終了、HAEV64Wに出力結果が正しく反映されることを確認する。
B40: テストケース 番号 | E40: NO. | F40: CASE | G40: 入力データ設計 | AQ40: 出力結果予想 | FG40: 件数表示 | FQ40: 検証資料 | FZ40: チェック日
G41: HAEV46R | AA41: HAEX62R | AQ41: HAEV64W
G42: ﾏｽﾀKEY | K42: 口座番号 | O42: 個人カナ名 | S42: 個人名 | W42: その他項目 | AA42: ﾄﾗﾝKEY | AE42: ＮＩＳＡ口座開設届出送信年月日 | AI42: ＮＩＳＡ口座開設届出提出年月日 | AM42: その他項目 | AQ42: 区分識別番号 | AU42: 口座番号 | AY42: ＮＩＳＡ勘定設定期間区分 | BC42: ＮＩＳＡ勘定設定登録番号 | BG42: 更新タイムスタンプ | BK42: レコード登録年月日ＳＴ | BO42: レコード更新年月日ＳＴ | BS42: レコード物理抹消年月日ＳＴ | BW42: レコード更新ログインＩＤコードＳＴ | CA42: ＮＩＳＡ勘定設定手続区分 | CE42: ＮＩＳＡ勘定廃止設定有無フラグ | CI42: ＮＩＳＡ勘定廃止期間開始年月日 | CM42: ＮＩＳＡ勘定廃止期間終了年月日 | CQ42: ＮＩＳＡ変更届出廃止開始年 | CU42: ＮＩＳＡ変更届出廃止終了年 | CY42: ＮＩＳＡ勘定設定取消済フラグ | DC42: ＮＩＳＡ勘定設定登録年月日 | DG42: ＮＩＳＡ勘定設定受理年月日 | DK42: ＮＩＳＡ提出事項非課税管理開始年 | DO42: ＮＩＳＡ廃止通知書種類区分 | DS42: ＮＩＳＡ提出勘定廃止提出年月日 | DW42: ＮＩＳＡ提出勘定廃止提出期間区分 | EA42: ＮＩＳＡ提出口座廃止提出年月日 | EE42: ＮＩＳＡ提出口座廃止提出期間区分 | EI42: ＮＩＳＡ提出株式受入有無フラグ | EM42: ＮＩＳＡ提出申請通知書氏名カナ | EQ42: ＮＩＳＡ提出申請通知書氏名 | EU42: ＮＩＳＡ提出非課税口座記号番号 | EY42: ＮＩＳＡ廃止通知書交付有無フラグ | FC42: ＮＩＳＡ廃止株式受入状態区分 | FG42: モジュール
G43: 受入れ元個人識別番号 | AA43: 受入れ元個人識別番号
B44: 004 | E44: 01 | F44: ﾏｽﾀｷｰ=ﾄﾗﾝｷｰ(1:1) | G44: 10000000000000000001 | K44: 922029001 | O44: ベイコクカブ ＮＩＳＡ | S44: 米国株 ＮＩＳＡ０６１ | W44: あり | AA44: 1000000000000000000001 | AE44: 20250111 | AI44: 20250311 | AM44: あり | AQ44: 001 | AU44: 922029001 | AY44: 01 | BC44: あり | BG44: あり | BK44: 20250111 | BO44: あり | BS44: 99991231 | BW44: あり | CA44: 02 | CE44: 0 | CI44: 99991231 | CM44: 99991231 | CQ44: 9999 | CU44: 9999 | CY44: 0 | DC44: 20250111 | DG44: 20250111 | DK44: 2025 | DO44: SPACE | DS44: 20250311 | DW44: SPACE | EA44: 99991231 | EE44: SPACE | EI44: 0 | EM44: ベイコクカブ ＮＩＳＡ | EQ44: 米国株 ＮＩＳＡ０６１ | EU44: SPACE | EY44: 0 | FC44: SPACE | FG44: MAQR6100 HAEV46R KENSU = 0000000003 MAQR6100 HAEX62R KENSU = 0000000003 MAQR6100 HAEV64W KENSU = 0000000004 | FQ44: HAEV46R:D05709.MAQR6100.HAEV46R.T04S HAEX62R:D05709.MAQR6100.HAEX62R.T04S HAEV64W:D05709.MAQR6100.HAEV64W.T04 JOBLOG:MAQR6100_RUN04.xls | FZ44: 45796
AQ45: 001 | AU45: 922029001 | AY45: 01 | BC45: あり | BG45: あり | BK45: 20250111 | BO45: あり | BS45: 99991231 | BW45: あり | CA45: 03 | CE45: 0 | CI45: 99991231 | CM45: 99991231 | CQ45: 9999 | CU45: 9999 | CY45: 0 | DC45: 20250111 | DG45: 20250111 | DK45: 2025 | DO45: SPACE | DS45: 99991231 | DW45: SPACE | EA45: 99991231 | EE45: SPACE | EI45: 0 | EM45: ベイコクカブ ＮＩＳＡ | EQ45: 米国株 ＮＩＳＡ０６１ | EU45: SPACE | EY45: 0 | FC45: SPACE
E46: 02 | F46: ﾏｽﾀｷｰ<ﾄﾗﾝｷｰ(1:0) | G46: 10000000000000000002 | K46: 922029002 | O46: シンダン シンダンテスト０８８ | S46: 診断 診断０８８
E47: 03 | F47: ﾏｽﾀｷｰ=ﾄﾗﾝｷｰ(1:1) | G47: 10000000000000000003 | K47: 922029003 | O47: シサン ガイカブシサン００５ | S47: 試算 外株試算００５ | AA47: 1000000000000000000003 | AE47: 20250112 | AI47: 20250312 | AM47: あり | AQ47: 001 | AU47: 922029003 | AY47: 01 | BC47: あり | BG47: あり | BK47: 20250112 | BO47: あり | BS47: 99991231 | BW47: あり | CA47: 02 | CE47: 0 | CI47: 99991231 | CM47: 99991231 | CQ47: 9999 | CU47: 9999 | CY47: 0 | DC47: 20250112 | DG47: 20250112 | DK47: 2025 | DO47: SPACE | DS47: 20250312 | DW47: SPACE | EA47: 99991231 | EE47: SPACE | EI47: 0 | EM47: シサン ガイカブシサン００５ | EQ47: 試算 外株試算００５ | EU47: SPACE | EY47: 0 | FC47: SPACE
AQ48: 001 | AU48: 922029003 | AY48: 01 | BC48: あり | BG48: あり | BK48: 20250112 | BO48: あり | BS48: 99991231 | BW48: あり | CA48: 03 | CE48: 0 | CI48: 99991231 | CM48: 99991231 | CQ48: 9999 | CU48: 9999 | CY48: 0 | DC48: 20250112 | DG48: 20250112 | DK48: 2025 | DO48: SPACE | DS48: 99991231 | DW48: SPACE | EA48: 99991231 | EE48: SPACE | EI48: 0 | EM48: シサン ガイカブシサン００５ | EQ48: 試算 外株試算００５ | EU48: SPACE | EY48: 0 | FC48: SPACE
E49: 04 | F49: ﾏｽﾀｷｰ>ﾄﾗﾝｷｰ(0:1) | AA49: 1000000000000000000004 | AE49: 20250113 | AI49: 20250313
B51: テストケース番号：005 下位モジュール【VQAP02】の実行結果がエラーの場合、
B52: MAQR6100が正常終了して、エラーメッセージ出力することを確認する。
B54: テストケース 番号 | E54: NO. | F54: テスト内容 | P54: 検正方法 | AE54: 検証資料 | AV54: チェック日
B58: 005 | E58: 01～03 | F58: 下位モジュール【VQAP02】にてエラーが発生した場合 | P58: XPEDIT | AE58: ITa１結果(MAQR6100_テストケース005-1) .xls ITa１結果(MAQR6100_テストケース005-2) .xls ITa１結果(MAQR6100_テストケース005-3) .xls | AV58: 45796

Sheet ＩＴａ実施チェックリスト
B2: モジュールＩＤ | D2: モジュール名称
B3: MAQR6100 | D3: =目次!F4 -> ＡＣＰ提携重複勘定再設定勘定設定例外事項Ｃ／Ｃデータ作成
C5: 所属 | F5: 担当者 | G5: 作成・検証日 | I5: 備考
B6: 作成者 | C6: リテール基幹システム第一部 | F6: JNW馬ソウ香 | G6: 45797
B7: 検証者 | C7: リテール基幹システム第一部 | F7: JNW徐暁明
A9: № | B9: 区分 | C9: レビュー時のポイント | L9: チェック欄 | O9: 備考
A10: G-00022 | B10: 共通 | C10: テスト仕様書のテストケースは全て実施されたか？ | L10: Ｙｅｓ■ | M10: Ｎｏ□ | N10: Ｎ/Ａ□
A11: G-00022 | B11: 共通 | C11: 未実施のテストケースがある場合は、実施可能時期が明確か？ | L11: Ｙｅｓ□ | M11: Ｎｏ□ | N11: Ｎ/Ａ■
A12: G-00022 | B12: 共通 | C12: テスト実施結果のレビューは全て受けたか？ | L12: Ｙｅｓ■ | M12: Ｎｏ□ | N12: Ｎ/Ａ□
A13: G-00022 | B13: 共通 | C13: テストケース件数は目標テスト件数以上か？ | L13: Ｙｅｓ■ | M13: Ｎｏ□ | N13: Ｎ/Ａ□
A14: G-00022 | B14: 共通 | C14: オンライン・レスポンスは極端に遅くないか？ | L14: Ｙｅｓ□ | M14: Ｎｏ□ | N14: Ｎ/Ａ■

Sheet ＩＴａ１未実施テスト一覧
A1: ﾀｲﾄﾙ: | C1: ＩＴａ１仕様書（兼報告書） | Q1: Ver | S1: 最終承認日 | Y1: =改訂履歴!Y1 -> 45807 | AF1: 最終更新者・会社略称 | AL1: =改訂履歴!AL1 -> 馬ソウ香 | AQ1: JNW | AS1: 最終更新日 | AW1: =改訂履歴!AW1 -> 45797
Q2: 1 | S2: 最終承認者・会社略称 | Y2: =改訂履歴!Y2 -> 安達副部長 | AD2: DIR | AF2: 新規作成者・会社略称 | AL2: =改訂履歴!AL1 -> 馬ソウ香 | AQ2: JNW | AS2: 新規作成日 | AW2: =改訂履歴!AW2 -> 45797
A3: モジュールＩＤ： | F3: モジュール名称：
A4: MAQR6100 | F4: =目次!F4 -> ＡＣＰ提携重複勘定再設定勘定設定例外事項Ｃ／Ｃデータ作成
A10: ＡＣＰコード | F10: ＡＣＰ名称
A11: MAQR6100 | F11: =目次!F4 -> ＡＣＰ提携重複勘定再設定勘定設定例外事項Ｃ／Ｃデータ作成
D14: 所属 | N14: 担当者 | U14: 作成日・検証日 | AB14: 備考
A15: 作成者 | D15: リテール基幹システム第一部 | N15: JNW馬ソウ香 | U15: 2025/5/20
A17: 検証者
A20: 項番 | D20: テスト項目 | W20: 未実施理由または、進捗阻害要因 | AR20: チェック欄
AR21: Yes | AT21: □ | AU21: No | AW21: □ | AX21: N/A | AZ21: □
AR22: Yes | AT22: □ | AU22: No | AW22: □ | AX22: N/A | AZ22: □
AR23: Yes | AT23: □ | AU23: No | AW23: □ | AX23: N/A | AZ23: □
AR24: Yes | AT24: □ | AU24: No | AW24: □ | AX24: N/A | AZ24: □
AR25: Yes | AT25: □ | AU25: No | AW25: □ | AX25: N/A | AZ25: □
AR26: Yes | AT26: □ | AU26: No | AW26: □ | AX26: N/A | AZ26: □

Sheet 裏表紙
