Workbook
Name a: #REF!
Name a: #REF!
Name a: #REF!
Name AAA: #REF!
Name AAA: #REF!
Name AAA: #REF!
Name AAAA: #REF!
Name AAAA: #REF!
Name AAAA: #REF!
Name AAAAAA: #REF!
Name AAAAAA: #REF!
Name AAAAAA: #REF!
Name aplcode: #REF!
Name aplcode: #REF!
Name aplcode: #REF!
Name aplname: #REF!
Name aplname: #REF!
Name aplname: #REF!
Name b: #REF!
Name b: #REF!
Name b: #REF!
Name Command_Click: [1]!Command_Click
Name Command_Click: [1]!Command_Click
Name d: #REF!
Name d: #REF!
Name d: #REF!
Name h: #REF!
Name h: #REF!
Name h: #REF!
Name l: #REF!
Name l: #REF!
Name l: #REF!
Name o: #REF!
Name o: #REF!
Name o: #REF!
Name p: #REF!
Name p: #REF!
Name p: #REF!
Name qqq: #REF!
Name qqq: #REF!
Name qqq: #REF!
Name t: #REF!
Name t: #REF!
Name t: #REF!
Name xxxx: #REF!
Name xxxx: #REF!
Name xxxx: #REF!
Name ＹＨＫＨＫ: [3]入力補助リスト!$D$2:$D$4
Name z: #REF!
Name z: #REF!
Name z: #REF!
Name あ: #REF!
Name あ: #REF!
Name あ: #REF!
Name クエリー1: #REF!
Name クエリー1: #REF!
Name クエリー1: #REF!
Name こ: #REF!
Name こ: #REF!
Name こ: #REF!

Sheet 表紙
G15: ＩＴａ１仕様書（兼報告書）
D20: モジュールＩＤ | F20: MAET86S1
D21: モジュール名称 | F21: ＡＣＰ同一人識別番号付加処理

Sheet 改定履歴
A1: ﾀｲﾄﾙ: | C1: ＩＴａ１仕様書（兼報告書） | Q1: Ver | S1: 最終承認日 | Y1: =目次!Y1 -> 45044 | AF1: 最終更新者・会社略称 | AL1: =目次!AL1 -> 徐 | AQ1: =目次!AQ1 -> JNW | AS1: 最終更新日 | AW1: =目次!AW1 -> 45027
Q2: =目次!Q2 -> 1 | S2: 最終承認者・会社略称 | Y2: =目次!Y2 -> 福島 副部長 | AD2: =目次!AD2 -> DIR | AF2: 新規作成者・会社略称 | AL2: =目次!AL2 -> 徐 | AQ2: =目次!AQ2 -> JNW | AS2: 新規作成日 | AW2: =目次!AW2 -> 45027
A4: 改 訂 履 歴
A6: Ver. | C6: 案件番号 案件名 | P6: 改訂個所 | AD6: 改訂年月日 (yyyy.mm.dd) | AI6: 会社略称 担当者 | AN6: 備 考
A9: 1.00 | C9: R17-0127-00 | P9: 新規作成 | AD9: 45027 | AI9: JNW
C10: 同一人口座のマイナンバー同期更新の見直し | AI10: 徐

Sheet 目次
A1: ﾀｲﾄﾙ: | C1: ＩＴａ１仕様書（兼報告書） | Q1: Ver | S1: 最終承認日 | Y1: 45044 | AF1: 最終更新者・会社略称 | AL1: 徐 | AQ1: JNW | AS1: 最終更新日 | AW1: 45027
Q2: 1 | S2: 最終承認者・会社略称 | Y2: 福島 副部長 | AD2: DIR | AF2: 新規作成者・会社略称 | AL2: 徐 | AQ2: JNW | AS2: 新規作成日 | AW2: 45027
A3: モジュールＩＤ： | F3: モジュール名称：
A4: MAET86S1 | F4: ＡＣＰ同一人識別番号付加処理
A5: 目 次
B9: １．前提
B11: ２．ＩＴａ１一覧表
B13: ３．ＩＴａ１詳細表

Sheet 改定内容
A1: ﾀｲﾄﾙ: | C1: ＩＴａ１仕様書（兼報告書） | Q1: Ver | S1: 最終承認日 | Y1: =目次!Y1 -> 45044 | AF1: 最終更新者・会社略称 | AL1: =目次!AL1 -> 徐 | AQ1: =目次!AQ1 -> JNW | AS1: 最終更新日 | AW1: =目次!AW1 -> 45027
Q2: =目次!Q2 -> 1 | S2: 最終承認者・会社略称 | Y2: =目次!Y2 -> 福島 副部長 | AD2: =目次!AD2 -> DIR | AF2: 新規作成者・会社略称 | AL2: =目次!AL2 -> 徐 | AQ2: =目次!AQ2 -> JNW | AS2: 新規作成日 | AW2: =目次!AW2 -> 45027
A4: 改 訂 内 容
A6: Ver. | C6: 改 訂 内 容
A9: 1.00 | D9: 新規作成

Sheet ツール画面
C6: IPO ファイル | I6: 選択
C8: テスト報告書フォマード | I8: 選択
C10: 成果物格納 | I10: 選択
C13: バッチACP | D13: UZ0Q01 | E13: UZ0Q06 | F13: UZ0Q07
B14: リスト | C14: 部品 | D14: UZ8K01 | E14: UZ2B01 | I14: 報告書 作成
C15: オンラインACP | D15: UZ0C01 | E15: UZ0C03 | F15: UZ0C09 | G15: UZ0C10
C17: テスト報告書情報入力
C18: VER
C19: 最終承認者
C20: 会社略称
C21: 担当者
C22: 担当者所属
C23: 新規作成日
B30: 上传画面的截图，可以自动生成pytho的代码
B31: 对提示词进行优化，做成下拉框
B32: バッチACP
B33: 部品
B34: オンラインACP

Sheet 前提
A1: ﾀｲﾄﾙ: | C1: ＩＴａ１仕様書（兼報告書） | Q1: Ver | S1: 最終承認日 | Y1: =目次!Y1 -> 45044 | AF1: 最終更新者・会社略称 | AL1: =目次!AL1 -> 徐 | AQ1: =目次!AQ1 -> JNW | AS1: 最終更新日 | AW1: =目次!AW1 -> 45027
Q2: =目次!Q2 -> 1 | S2: 最終承認者・会社略称 | Y2: =目次!Y2 -> 福島 副部長 | AD2: =目次!AD2 -> DIR | AF2: 新規作成者・会社略称 | AL2: =目次!AL2 -> 徐 | AQ2: =目次!AQ2 -> JNW | AS2: 新規作成日 | AW2: =目次!AW2 -> 45027
A3: モジュールＩＤ： | F3: モジュール名称：
A4: =目次!A4 -> MAET86S1 | F4: =目次!F4 -> ＡＣＰ同一人識別番号付加処理
B6: １．前提
D8: 本設計書は次の設計図書に基づき作成した。
B10: Ｎｏ． | D10: 成果物種類 | L10: 成果物番号 | Q10: Ｖｅｒ． | T10: 成果物名称 | AS10: 備考
B12: 1 | D12: モジュール階層図 | T12: 無し
B14: 2 | D14: プロセスフロー | T14: 無し
B16: 3 | D16: 業務要件定義書 | T16: 無し
B18: 4 | D18: 基本設計書 | T18: 無し
B20: 5 | D20: システムプロセス設計書 | Q20: 1.00 | T20: MAET8600ＡＣＰ同一人識別番号付加処理(システムプロセス設計書).xlsx
B22: 6 | D22: 画面設計書 | T22: 無し
B24: 7 | D24: 帳票設計書 | T24: 無し
B26: 8 | D26: 電文レイアウト | T26: 無し
B28: 9 | D28: ファイルレイアウト | T28: 無し
B30: 10 | D30: 論理データモデル | T30: 無し
B32: 11
B34: 12

Sheet ＩＴａ１一覧表
A1: ﾀｲﾄﾙ: | C1: ＩＴａ１仕様書（兼報告書） | Q1: Ver | S1: 最終承認日 | Y1: =目次!Y1 -> 45044 | AF1: 最終更新者・会社略称 | AL1: =目次!AL1 -> 徐 | AQ1: =目次!AQ1 -> JNW | AS1: 最終更新日 | AW1: =目次!AW1 -> 45027
Q2: =目次!Q2 -> 1 | S2: 最終承認者・会社略称 | Y2: =目次!Y2 -> 福島 副部長 | AD2: =目次!AD2 -> DIR | AF2: 新規作成者・会社略称 | AL2: =目次!AL2 -> 徐 | AQ2: =目次!AQ2 -> JNW | AS2: 新規作成日 | AW2: =目次!AW2 -> 45027
A3: モジュールＩＤ： | F3: モジュール名称： | W3: ライン数 | AC3: 目標テストケース数 | AI3: テストケース合計数 | AO3: 目標バグ検出件数 | AU3: バグ検出件数
A4: =目次!A4 -> MAET86S1 | F4: =目次!F4 -> ＡＣＰ同一人識別番号付加処理 | W4: 209 | AC4: =W4/1000*30 -> 6.27 | AI4: =SUM(AE11:AE24) -> 10 | AO4: =W4/1000*1.5 -> 0.3135 | AU4: 0
A8: ＜ＩＴａ１テストケース一覧表＞
A9: ﾃｽﾄｹｰｽ 番号 | C9: テストケース内容 | AE9: 件 | AF9: 詳細表 有無 | AI9: ﾃｽﾄ開始予定日 | AM9: ﾃｽﾄ終了予定日 | AQ9: ﾃｽﾄ終了 確認者 | AT9: ﾃｽﾄ終了 承認日 | AX9: ﾃｽﾄ終了 承認者
AE10: 数 | AI10: ﾃｽﾄ開始日 | AM10: ﾃｽﾄ終了日
A11: 001 | C11: HAEW21Rの入力件数が0件、HAEW24Rの入力件数が0件以外の場合、 MAET86S1が正常終了、HAEW25W に出力されていないことを確認する。 | AE11: 1 | AF11: 無 | AI11: 45027 | AM11: 45027 | AQ11: 徐（JNW） | AT11: 45027 | AX11: JNW劉浩
AI12: 45027 | AM12: 45027
A13: 002 | C13: HAEW21Rの入力件数が0件以外、HAEW24Rの入力件数が0件の場合、 MAET86S1が正常終了、HAEW25W に出力されていないことを確認する。 | AE13: 1 | AF13: 無 | AI13: 45027 | AM13: 45027 | AQ13: 徐（JNW） | AT13: 45027 | AX13: JNW劉浩
AI14: 45027 | AM14: 45027
A15: 003 | C15: HAEW21R、HAEW24Rの入力件数がいずれも0件の場合、 MAET86S1が正常終了、HAEW25W に出力されていないことを確認する。 | AE15: 1 | AF15: 無 | AI15: 45027 | AM15: 45027 | AQ15: 徐（JNW） | AT15: 45027 | AX15: JNW劉浩
AI16: 45027 | AM16: 45027
A17: 004 | C17: HAEW21RとHAEW24Rの入力件数が0件以外の場合、 MAET86S1が正常終了、HAEW25W に出力結果が正しく反映されていることを確認する。 | AE17: 6 | AF17: 無 | AI17: 45027 | AM17: 45027 | AQ17: 徐（JNW） | AT17: 45027 | AX17: JNW劉浩
AI18: 45027 | AM18: 45027
A19: 005 | C19: 共通＿ジョブログ出力機能(VQAP02)を行い、処理結果コードが異常の場合、MAET86S1が異常終了し、エラーメッセージが正しく編集されていることを確認する。 | AE19: 1 | AF19: 有 | AI19: 45027 | AM19: 45027 | AQ19: 徐（JNW） | AT19: 45027 | AX19: JNW劉浩
AI20: 45027 | AM20: 45027

Sheet ＩＴａ１詳細表（005）
A1: ﾀｲﾄﾙ: | C1: ＩＴａ１仕様書（兼報告書） | Q1: Ver | S1: 最終承認日 | Y1: =目次!Y1 -> 45044 | AF1: 最終更新者・会社略称 | AL1: =目次!AL1 -> 徐 | AQ1: =目次!AQ1 -> JNW | AS1: 最終更新日 | AW1: =目次!AW1 -> 45027
Q2: =目次!Q2 -> 1 | S2: 最終承認者・会社略称 | Y2: =目次!Y2 -> 福島 副部長 | AD2: =目次!AD2 -> DIR | AF2: 新規作成者・会社略称 | AL2: =目次!AL2 -> 徐 | AQ2: =目次!AQ2 -> JNW | AS2: 新規作成日 | AW2: =目次!AW2 -> 45027
A3: モジュールＩＤ： | F3: モジュール名称： | AF3: 件数 | AL3: バグ検出件数
A4: =目次!A4 -> MAET86S1 | F4: =[4]目次!F4 -> ＡＣＰ同一人識別番号付加処理 | AF4: 2 | AL4: 0
A6: ＜ＩＴａ１テストケース詳細表＞
B8: テストケース番号・名称：005 共通＿ジョブログ出力機能(VQAP02)を行い、処理結果コードが異常の場合、
B9: MAET86S1が異常終了し、エラーメッセージが正しく編集されていることを確認する。
C11: テストケースサブ番号（２桁） | AC11: 01 | AE11: 02
C12: テストケース内容
A13: 条件 | C13: 共通＿ジョブログ出力機能(VQAP02) | Q13: 正常終了 | AC13: Y
Q14: 異常終了 | AE14: Y
A15: 処理 | C15: 処理継続を確認。 | AC15: Y
C16: MAET86S1が異常終了し、エラーメッセージが正しく編集されていることを確認する | AE16: Y
V17: テストショット番号 | AC17: 005-1 | AE17: 005-2
V18: 検証番号 | AC18: 004-1 | AE18: 004-1
V19: 45027 | AC19: OK | AE19: OK
V20: XPEDITER | AE20: ○

Sheet 入力データ設計・出力結果予想
A1: ﾀｲﾄﾙ: | C1: ＩＴａ１仕様書（兼報告書） | I1: Ver | K1: 最終承認日 | M1: =目次!Y1 -> 45044 | O1: 最終更新者・会社略称 | P1: =目次!AL1 -> 徐 | Q1: =目次!AQ1 -> JNW | R1: 最終更新日 | T1: =目次!AW1 -> 45027
I2: =目次!Q2 -> 1 | K2: 最終承認者・会社略称 | M2: =目次!Y2 -> 福島 副部長 | N2: =目次!AD2 -> DIR | O2: 新規作成者・会社略称 | P2: =目次!AL2 -> 徐 | Q2: =目次!AQ2 -> JNW | R2: 新規作成日 | T2: =目次!AW2 -> 45027
A3: モジュールＩＤ： | F3: モジュール名称： | O3: 件数 | P3: バグ検出件数
A4: =目次!A4 -> MAET86S1 | F4: =目次!F4 -> ＡＣＰ同一人識別番号付加処理 | O4: 10 | P4: 0
A5: ＜入力データ設計・出力結果予想＞
B7: テストケース番号：001 HAEW21Rの入力件数が0件、HAEW24Rの入力件数が0件以外の場合、
B8: MAET86S1が正常終了、HAEW25W に出力されていないことを確認する。
B10: テストケース 番号 | F10: 入力データ設計 | J10: 出力結果予想 | L10: 件数表示 | P10: 検証資料 | V10: チェック日
F12: HAEW21R | H12: HAEW24R | J12: HAEW25W
B14: 001 | F14: 0件 | H14: 1件 | J14: 0件 | L14: MAET86S1 HAEW21R KENSU = 000000000 MAET86S1 HAEW24R KENSU = 000000001 MAET86S1 HAEW25W KENSU = 000000000 | P14: D06764.A9999999.MAET86S1.HAEW21R.T1 D06764.A9999999.MAET86S1.HAEW24R.T1 D06764.A9999999.MAET86S1.HAEW25W.T1 MAES86S1_RUN1.xls | V14: 45027
B17: テストケース番号：002 HAEW21Rの入力件数が0件以外、HAEW24Rの入力件数が0件の場合、
B18: MAET86S1が正常終了、HAEW25W に出力されていないことを確認する。
B20: テストケース 番号 | F20: 入力データ設計 | J20: 出力結果予想 | L20: 件数表示 | P20: 検証資料 | V20: チェック日
F22: HAEW21R | H22: HAEW24R | J22: HAEW25W
B24: 002 | F24: １件 | H24: 0件 | J24: 0件 | L24: MAET86S1 HAEW21R KENSU = 000000001 MAET86S1 HAEW24R KENSU = 000000000 MAET86S1 HAEW25W KENSU = 000000000 | P24: D06764.A9999999.MAET86S1.HAEW21R.T2 D06764.A9999999.MAET86S1.HAEW24R.T2 D06764.A9999999.MAET86S1.HAEW25W.T2 MAES86S1_RUN2.xlsx | V24: 45027
B26: テストケース番号：003 HAEW21R、HAEW24Rの入力件数がいずれも0件の場合、
B27: MAET86S1が正常終了、HAEW25W に出力されていないことを確認する。
B29: テストケース 番号 | F29: 入力データ設計 | J29: 出力結果予想 | L29: 件数表示 | P29: 検証資料 | V29: チェック日
F31: HAEW21R | H31: HAEW24R | J31: HAEW25W
B33: 003 | F33: 0件 | H33: 0件 | J33: 0件 | L33: MAET86S1 HAEW21R KENSU = 000000000 MAET86S1 HAEW24R KENSU = 000000000 MAET86S1 HAEW25W KENSU = 000000000 | P33: D06764.A9999999.MAET86S1.HAEW21R.T3 D06764.A9999999.MAET86S1.HAEW24R.T3 D06764.A9999999.MAET86S1.HAEW25W.T3 MAES86S1_RUN3.xlsx | V33: 45027
B35: テストケース番号：004 HAEW21RとHAEW24Rの入力件数が0件以外の場合、
B36: MAET86S1が正常終了、HAEW25W に出力結果が正しく反映されていることを確認する。
B37: ※バッチ業務日付= 2023/4/10
B39: 入出力データ
B40: No | F40: 検証点 | H40: 入力データ設計 | O40: 出力結果予想 | S40: 件数表示 | W40: 検証資料 | AC40: チェック日
H42: 同一人識別番号付加口座データ（HAEW21R） | L42: 同期更新対象主口座データ（HAEW24R） | O42: 主口座データ同一人識別番号付加データ（HAEW25W）
H44: 口座リンク管理番号(KEY) | I44: 口座番号(9) | J44: ＡＥ同一人識別番号(8) | K44: その他項目 | L44: 口座リンク管理番号-C1 (KEY) | M44: 口座番号(9) | N44: その他項目 | O44: 口座番号(9) | P44: 口座リンク管理番号(KEY) | Q44: ＡＥ同一人識別番号(8) | R44: その他項目
B45: 004-1 | F45: 1:N | G45: マスタKEY = トランKEY | H45: 0000000000001 | I45: 922000001 | J45: A0000001 | K45: あり | L45: 0000000000001 | M45: 922000001 | N45: あり | O45: 922000001 | P45: 0000000000001 | Q45: A0000001 | R45: HAEW24Rの同項目出力 | S45: MAET86S1 HAEW21R KENSU = 000000003 MAET86S1 HAEW24R KENSU = 000000007 MAET86S1 HAEW25W KENSU = 000000003 | W45: D06764.A9999999.MAET86S1.HAEW21R.T4 D06764.A9999999.MAET86S1.HAEW24R.T4 D06764.A9999999.MAET86S1.HAEW25W.T4 MAET86S1_RUN4.xlsx | AC45: 45027
L46: 0000000000001 | M46: 922000002 | N46: あり | O46: 922000002 | P46: 0000000000001 | Q46: A0000001 | R46: HAEW24Rの同項目出力
B47: 004-2 | F47: 0:1 | G47: マスタKEY < トランKEY | L47: 0000000000002 | M47: 922000003 | N47: あり
B48: 004-3 | F48: 1:1 | G48: マスタKEY = トランKEY | H48: 0000000000003 | I48: 922000003 | J48: A0000003 | K48: あり | L48: 0000000000003 | M48: 922000004 | N48: あり | O48: 922000004 | P48: 0000000000003 | Q48: A0000003 | R48: HAEW24Rの同項目出力
B49: 004-4 | F49: 0:N | G49: マスタKEY < トランKEY | L49: 0000000000004 | M49: 922000005 | N49: あり
L50: 0000000000004 | M50: 922000006 | N50: あり
B51: 004-5 | F51: 1:0 | G51: マスタKEY > トランKEY | H51: 0000000000006 | I51: 922000004 | J51: A0000004 | K51: あり
B52: 004-6 | F52: 0:1 | G52: マスタKEY < トランKEY | L52: 0000000000007 | M52: 922000007 | N52: あり
B54: テストケース番号：005 下位モジュールの実行結果がエラーの場合、
B55: MAET86S1が異常終了、異常として判断し、処理されていることを確認する。
B57: テストケース 番号 | F57: テスト内容 | I57: 検正方法 | L57: 検証資料 | O57: チェック日
B61: 005-01 | F61: 下位モジュール【VQAP02】にてエラーが発生した場合 | I61: XPEDITER | L61: MAET86S1_異常.xlsx | O61: 45027

Sheet ＩＴａ実施チェックリスト
B2: モジュールＩＤ | D2: モジュール名称
B3: =目次!A4 -> MAET86S1 | D3: =目次!F4 -> ＡＣＰ同一人識別番号付加処理
C5: 所属 | F5: 担当者 | G5: 作成・検証日 | I5: 備考
B6: 作成者 | C6: JNW | F6: 徐 | G6: 45027
B7: 検証者 | C7: JNW | F7: 劉
A9: № | B9: 区分 | C9: レビュー時のポイント | L9: チェック欄 | O9: 備考
A10: G-00022 | B10: 共通 | C10: テスト仕様書のテストケースは全て実施されたか？ | L10: Ｙｅｓ■ | M10: Ｎｏ□ | N10: Ｎ/Ａ□
A11: G-00022 | B11: 共通 | C11: 未実施のテストケースがある場合は、実施可能時期が明確か？ | L11: Ｙｅｓ□ | M11: Ｎｏ□ | N11: Ｎ/Ａ■
A12: G-00022 | B12: 共通 | C12: テスト実施結果のレビューは全て受けたか？ | L12: Ｙｅｓ■ | M12: Ｎｏ□ | N12: Ｎ/Ａ□
A13: G-00022 | B13: 共通 | C13: テストケース件数は目標テスト件数以上か？ | L13: Ｙｅｓ■ | M13: Ｎｏ□ | N13: Ｎ/Ａ□
A14: G-00022 | B14: 共通 | C14: オンライン・レスポンスは極端に遅くないか？ | L14: Ｙｅｓ□ | M14: Ｎｏ□ | N14: Ｎ/Ａ■

Sheet ＩＴａ1未実施テスト一覧
A1: ﾀｲﾄﾙ: | C1: ＩＴａ１仕様書（兼報告書） | Q1: Ver | S1: 最終承認日 | Y1: =目次!Y1 -> 45044 | AF1: 最終更新者・会社略称 | AL1: =目次!AL1 -> 徐 | AQ1: =目次!AQ1 -> JNW | AS1: 最終更新日 | AW1: =目次!AW1 -> 45027
Q2: =目次!Q2 -> 1 | S2: 最終承認者・会社略称 | Y2: =目次!Y2 -> 福島 副部長 | AD2: =目次!AD2 -> DIR | AF2: 新規作成者・会社略称 | AL2: =目次!AL2 -> 徐 | AQ2: =目次!AQ2 -> JNW | AS2: 新規作成日 | AW2: =目次!AW2 -> 45027
A3: モジュールＩＤ： | F3: モジュール名称：
A4: =目次!A4 -> MAET86S1 | F4: =目次!F4 -> ＡＣＰ同一人識別番号付加処理
A10: ＡＣＰコード | F10: ＡＣＰ名称
A11: =目次!A4 -> MAET86S1 | F11: =目次!F4 -> ＡＣＰ同一人識別番号付加処理
D14: 所属 | N14: 担当者 | U14: 作成日・検証日 | AB14: 備考
A15: 作成者 | D15: JNW | N15: 徐 | U15: 2023/4/11 | AB15: 未実施テストケースなし
A17: 検証者 | D17: JNW | N17: 劉
A20: 項番 | D20: テスト項目 | W20: 未実施理由または、進捗阻害要因 | AR20: チェック欄
AR21: Yes | AT21: □ | AU21: No | AW21: □ | AX21: N/A | AZ21: □
AR22: Yes | AT22: □ | AU22: No | AW22: □ | AX22: N/A | AZ22: □
AR23: Yes | AT23: □ | AU23: No | AW23: □ | AX23: N/A | AZ23: □
AR24: Yes | AT24: □ | AU24: No | AW24: □ | AX24: N/A | AZ24: □
AR25: Yes | AT25: □ | AU25: No | AW25: □ | AX25: N/A | AZ25: □
AR26: Yes | AT26: □ | AU26: No | AW26: □ | AX26: N/A | AZ26: □

Sheet 裏表紙
