Workbook
Name a: #REF!
Name a: #REF!
Name a: #REF!
Name a: #REF!
Name a: #REF!
Name a: #REF!
Name a: #REF!
Name AAA: #REF!
Name AAA: #REF!
Name AAA: #REF!
Name AAA: #REF!
Name AAA: #REF!
Name AAA: #REF!
Name AAA: #REF!
Name AAAA: #REF!
Name AAAA: #REF!
Name AAAA: #REF!
Name AAAA: #REF!
Name AAAA: #REF!
Name AAAA: #REF!
Name AAAA: #REF!
Name AAAAAA: #REF!
Name AAAAAA: #REF!
Name AAAAAA: #REF!
Name AAAAAA: #REF!
Name AAAAAA: #REF!
Name AAAAAA: #REF!
Name AAAAAA: #REF!
Name aplcode: #REF!
Name aplcode: #REF!
Name aplcode: #REF!
Name aplcode: #REF!
Name aplcode: #REF!
Name aplcode: #REF!
Name aplcode: #REF!
Name aplname: #REF!
Name aplname: #REF!
Name aplname: #REF!
Name aplname: #REF!
Name aplname: #REF!
Name aplname: #REF!
Name aplname: #REF!
Name b: #REF!
Name b: #REF!
Name b: #REF!
Name b: #REF!
Name b: #REF!
Name b: #REF!
Name b: #REF!
Name Command_Click: [1]!Command_Click
Name Command_Click: [1]!Command_Click
Name Command_Click: [1]!Command_Click
Name Command_Click: [1]!Command_Click
Name d: #REF!
Name d: #REF!
Name d: #REF!
Name d: #REF!
Name d: #REF!
Name d: #REF!
Name d: #REF!

Sheet 表紙
G15: ＩＴａ１仕様書（兼報告書）
D20: モジュールＩＤ | F20: =目次!A4 -> MAQP2300
D21: モジュール名称 | F21: =目次!F4 -> ACPマネーロン銀行連携データ作成

Sheet 改定履歴
A1: ﾀｲﾄﾙ: | C1: ＩＴａ１仕様書（兼報告書） | Q1: Ver | S1: 最終承認日 | Y1: =目次!Y1 -> 43951 | AF1: 最終更新者・会社略称 | AL1: =目次!AL1 -> 趙美蘭 | AQ1: =目次!AQ1 -> JNW | AS1: 最終更新日 | AW1: =目次!AW1 -> 43936
Q2: =目次!Q2 -> 1 | S2: 最終承認者・会社略称 | Y2: =目次!Y2 -> 吉田(歩)次長 | AD2: =目次!AD2 -> DIR | AF2: 新規作成者・会社略称 | AL2: =目次!AL2 -> 趙美蘭 | AQ2: =目次!AQ2 -> JNW | AS2: 新規作成日 | AW2: =目次!AW2 -> 43936
A4: 改 訂 履 歴
A6: Ver. | C6: 案件番号 案件名 | P6: 改訂個所 | AD6: 改訂年月日 (yyyy.mm.dd) | AI6: 会社略称 担当者 | AN6: 備 考
A9: 1.00 | C9: R19-0394-00 | P9: 新規作成 | AD9: 43936 | AI9: JNW
C10: （マネロン対応）マル保改訂に伴う口座開設画面の改修 | AI10: 趙美蘭

Sheet 目次
A1: ﾀｲﾄﾙ: | C1: ＩＴａ１仕様書（兼報告書） | Q1: Ver | S1: 最終承認日 | Y1: 43951 | AF1: 最終更新者・会社略称 | AL1: 趙美蘭 | AQ1: JNW | AS1: 最終更新日 | AW1: 43936
Q2: 1 | S2: 最終承認者・会社略称 | Y2: 吉田(歩)次長 | AD2: DIR | AF2: 新規作成者・会社略称 | AL2: 趙美蘭 | AQ2: JNW | AS2: 新規作成日 | AW2: 43936
A3: モジュールＩＤ： | F3: モジュール名称：
A4: MAQP2300 | F4: ACPマネーロン銀行連携データ作成
A5: 目 次
B9: １．前提
B11: ２．ＩＴａ１一覧表
B13: ３．ＩＴａ１詳細表
D15: ３．１ ＩＴａ１詳細表（002～003）
D17: ３．２ 入力データ設計・出力結果予想
B19: ４．ＩＴａ実施チェックリスト
B21: ５．ＩＴａ1未実施テスト一覧

Sheet 改定内容
A1: ﾀｲﾄﾙ: | C1: ＩＴａ１仕様書（兼報告書） | Q1: Ver | S1: 最終承認日 | Y1: =目次!Y1 -> 43951 | AF1: 最終更新者・会社略称 | AL1: =目次!AL1 -> 趙美蘭 | AQ1: =目次!AQ1 -> JNW | AS1: 最終更新日 | AW1: =目次!AW1 -> 43936
Q2: =目次!Q2 -> 1 | S2: 最終承認者・会社略称 | Y2: =目次!Y2 -> 吉田(歩)次長 | AD2: =目次!AD2 -> DIR | AF2: 新規作成者・会社略称 | AL2: =目次!AL2 -> 趙美蘭 | AQ2: =目次!AQ2 -> JNW | AS2: 新規作成日 | AW2: =目次!AW2 -> 43936
A4: 改 訂 内 容
A6: Ver. | C6: 改 訂 内 容
A9: 1.00 | D9: 新規作成

Sheet 前提
A1: ﾀｲﾄﾙ: | C1: ＩＴａ１仕様書（兼報告書） | Q1: Ver | S1: 最終承認日 | Y1: =目次!Y1 -> 43951 | AF1: 最終更新者・会社略称 | AL1: =目次!AL1 -> 趙美蘭 | AQ1: =目次!AQ1 -> JNW | AS1: 最終更新日 | AW1: =目次!AW1 -> 43936
Q2: =目次!Q2 -> 1 | S2: 最終承認者・会社略称 | Y2: =目次!Y2 -> 吉田(歩)次長 | AD2: =目次!AD2 -> DIR | AF2: 新規作成者・会社略称 | AL2: =目次!AL2 -> 趙美蘭 | AQ2: =目次!AQ2 -> JNW | AS2: 新規作成日 | AW2: =目次!AW2 -> 43936
A3: モジュールＩＤ： | F3: モジュール名称：
A4: =目次!A4 -> MAQP2300 | F4: =目次!F4 -> ACPマネーロン銀行連携データ作成
B6: １．前提
D8: 本設計書は次の設計図書に基づき作成した。
B10: Ｎｏ． | D10: 成果物種類 | L10: 成果物番号 | Q10: Ｖｅｒ． | T10: 成果物名称 | AS10: 備考
B12: 1 | D12: モジュール階層図 | T12: 該当なし
B14: 2 | D14: プロセスフロー | T14: 該当なし
B16: 3 | D16: 業務要件定義書 | T16: 該当なし
B18: 4 | D18: 基本設計書 | T18: 該当なし
B20: 5 | D20: システムプロセス設計書 | T20: MAQP2300ACPマネーロン銀行連携データ作成[システムプロセス設計書].xls
B22: 6 | D22: 画面設計書 | T22: 該当なし
B24: 7 | D24: 帳票設計書 | T24: 該当なし
B26: 8 | D26: 電文レイアウト | T26: 該当なし
B28: 9 | D28: ファイルレイアウト | T28: 該当なし
B30: 10 | D30: 論理データモデル | T30: 該当なし
B32: 11
B34: 12
B36: 13

Sheet ＩＴａ１テストケース一覧表
A1: ﾀｲﾄﾙ: | C1: ＩＴａ１仕様書（兼報告書） | Q1: Ver | S1: 最終承認日 | Y1: =目次!Y1 -> 43951 | AF1: 最終更新者・会社略称 | AL1: =目次!AL1 -> 趙美蘭 | AQ1: =目次!AQ1 -> JNW | AS1: 最終更新日 | AW1: =目次!AW1 -> 43936
Q2: =目次!Q2 -> 1 | S2: 最終承認者・会社略称 | Y2: =目次!Y2 -> 吉田(歩)次長 | AD2: =目次!AD2 -> DIR | AF2: 新規作成者・会社略称 | AL2: =目次!AL2 -> 趙美蘭 | AQ2: =目次!AQ2 -> JNW | AS2: 新規作成日 | AW2: =目次!AW2 -> 43936
A3: モジュールＩＤ： | F3: モジュール名称： | W3: ライン数 | AC3: 目標テストケース数 | AI3: テストケース合計数 | AO3: 目標バグ検出件数 | AU3: バグ検出件数
A4: =目次!A4 -> MAQP2300 | F4: =目次!F4 -> ACPマネーロン銀行連携データ作成 | W4: 193 | AC4: =W4/1000*30 -> 5.79 | AI4: =SUM(AE9:AE14) -> 5 | AO4: =+W4/1000*1.5 -> 0.2895
A6: ＜ＩＴａ１テストケース一覧表＞
A7: ﾃｽﾄｹｰｽ 番号 | C7: テストケース内容 | AE7: 件数 | AF7: 詳細表 有無 | AI7: ﾃｽﾄ開始予定日 | AM7: ﾃｽﾄ終了予定日 | AQ7: ﾃｽﾄ終了 確認者 | AT7: ﾃｽﾄ終了 承認日 | AX7: ﾃｽﾄ終了 承認者
AI8: ﾃｽﾄ開始日 | AM8: ﾃｽﾄ終了日
A9: 001 | C9: HAEW62Rの入力件数が0件の場合、MAQP2300が正常終了し、HAEJ16Wに出力されていないことを確認する。 | AE9: 1 | AF9: 無 | AI9: 43937 | AM9: 43937 | AQ9: JNW 趙美蘭 | AT9: 43941 | AX9: 李連鳳
AI10: 43937 | AM10: 43937
A11: 002 | C11: HAEW62Rの入力件数が0件以外の場合、MAQP2300が正常終了し、HAEJ16Wに出力結果が正しく反映されていることを確認する。 | AE11: 2 | AF11: 有 | AI11: 43937 | AM11: 43944 | AQ11: JNW 趙美蘭 | AT11: 43948 | AX11: 李連鳳
AI12: 43937 | AM12: 43944
A13: 003 | C13: 下位モジュール【VQAP02】の実行結果がエラーの場合、MAQP2300が正常終了し、 コンソール詳細メッセージが正しく出力されていることを確認する。 | AE13: 2 | AF13: 有 | AI13: 43938 | AM13: 43938 | AQ13: JNW 趙美蘭 | AT13: 43941 | AX13: 李連鳳
AI14: 43938 | AM14: 43938
A15: 補足事項：

Sheet ＩＴａ１詳細表（002)
A1: ﾀｲﾄﾙ: | C1: ＩＴａ１仕様書（兼報告書） | Q1: Ver | S1: 最終承認日 | Y1: =目次!Y1 -> 43951 | AF1: 最終更新者・会社略称 | AL1: =目次!AL1 -> 趙美蘭 | AQ1: =目次!AQ1 -> JNW | AS1: 最終更新日 | AW1: =目次!AW1 -> 43936
Q2: =目次!Q2 -> 1 | S2: 最終承認者・会社略称 | Y2: =目次!Y2 -> 吉田(歩)次長 | AD2: =目次!AD2 -> DIR | AF2: 新規作成者・会社略称 | AL2: =目次!AL2 -> 趙美蘭 | AQ2: =目次!AQ2 -> JNW | AS2: 新規作成日 | AW2: =目次!AW2 -> 43936
A3: モジュールＩＤ： | F3: モジュール名称： | AF3: 件数 | AL3: バグ検出件数
A4: =目次!A4 -> MAQP2300 | F4: =目次!F4 -> ACPマネーロン銀行連携データ作成 | AF4: 2 | AL4: 0
A6: ＜ＩＴａ１テストケース詳細表＞
B8: テストケース番号・名称：002 HAEW62Rの入力件数が0件以外の場合、
K9: MAQP2300が正常終了し、HAEJ16Wに出力結果が正しく反映されていることを確認する。
C10: テストケースサブ番号（２桁） | AA10: 01 | AC10: 02
C11: テストケース内容
A12: 条件 | C12: HAEW62R(マネーロンダリング管理アンロードデータ) | O12: 入力あり | AA12: Y | AC12: Y
A13: 処理 | C13: MAQP2300が正常終了することを確認する。 | AA13: 〇 | AC13: 〇
D14: HAEJ16Wに出力されていることを確認する。 | AA14: 〇 | AC14: 〇
E15: 銀行連携データ（ヘッダ部)(HAEJ16C) | AA15: 〇 | AC15: 〇
F16: ＥＢ大和ネクスト銀行レコード区分 | Q16: "1"(ヘッダ部)を移送 | AA16: 〇 | AC16: 〇
F17: ＡＥ銀行連携年月日 | Q17: 西暦日付を移送 | AA17: 〇 | AC17: 〇
F18: ＡＥ銀行連携時刻 | Q18: 時分秒ミリ秒の時分秒を移送 | AA18: 〇 | AC18: 〇
F19: FILLER | Q19: SPACEを移送 | AA19: 〇 | AC19: 〇
E20: 銀行連携データ（データ部）(HAEJ21C+HAEJ14C+HAEW62C) | AA20: 〇 | AC20: 〇
F21: ＥＢ大和ネクスト銀行レコード区分 | Q21: "2"(データ部)を移送 | AA21: 〇 | AC21: 〇
F22: ＡＥ銀行連携年月日 | Q22: バッチ業務日付年月日を移送 | AA22: 〇 | AC22: 〇
F23: ＡＥ銀行連携時刻 | Q23: SPACEを移送 | AA23: 〇 | AC23: 〇
F24: ＥＢ大和ネクスト銀行顧客店番 | Q24: SPACEを移送 | AA24: 〇 | AC24: 〇
F25: ＥＢ大和ネクスト銀行顧客番号 | Q25: SPACEを移送 | AA25: 〇 | AC25: 〇
F26: 金融機関コード | Q26: SPACEを移送 | AA26: 〇 | AC26: 〇
F27: 預金店番 | Q27: SPACEを移送 | AA27: 〇 | AC27: 〇
F28: 預金口座番号 | Q28: SPACEを移送 | AA28: 〇 | AC28: 〇
F29: ＥＢ大和ネクスト銀行預金科目区分 | Q29: SPACEを移送 | AA29: 〇 | AC29: 〇
F30: 口座番号 | Q30: 入力同項目を移送 | AA30: 〇 | AC30: 〇
F31: FILLER | Q31: SPACEを移送 | AA31: 〇 | AC31: 〇
F32: アンロードファイルエリア | Q32: 入力全項目を移送 | AA32: 〇 | AC32: 〇
E33: 銀行連携データ（トレーラ部）(HAEJ17C) | AA33: 〇 | AC33: 〇
F34: ＥＢ大和ネクスト銀行レコード区分 | Q34: "3"(トレーラー部)を移送 | AA34: 〇 | AC34: 〇
F35: ＥＢ大和ネクスト銀行データ総件数 -K | Q35: ワークカウンタを移送 | AA35: 〇 | AC35: 〇
F36: FILLER | Q36: SPACEを移送 | AA36: 〇 | AC36: 〇
U37: テストショット番号 | AA37: 002-01 | AC37: 002-02
U38: 43937 | AA38: OK | AC38: OK
U40: 検証媒体： 画面
U41: XPEDITE

Sheet ＩＴａ１詳細表（003)
A1: ﾀｲﾄﾙ: | C1: ＩＴａ１仕様書（兼報告書） | Q1: Ver | S1: 最終承認日 | Y1: =目次!Y1 -> 43951 | AF1: 最終更新者・会社略称 | AL1: =目次!AL1 -> 趙美蘭 | AQ1: =目次!AQ1 -> JNW | AS1: 最終更新日 | AW1: =目次!AW1 -> 43936
Q2: =目次!Q2 -> 1 | S2: 最終承認者・会社略称 | Y2: =目次!Y2 -> 吉田(歩)次長 | AD2: =目次!AD2 -> DIR | AF2: 新規作成者・会社略称 | AL2: =目次!AL2 -> 趙美蘭 | AQ2: =目次!AQ2 -> JNW | AS2: 新規作成日 | AW2: =目次!AW2 -> 43936
A3: モジュールＩＤ： | F3: モジュール名称： | AF3: 件数 | AL3: バグ検出件数
A4: =目次!A4 -> MAQP2300 | F4: =目次!F4 -> ACPマネーロン銀行連携データ作成 | AF4: 2 | AL4: 0
A6: ＜ＩＴａ１テストケース詳細表＞
B8: テストケース番号・名称：003 下位モジュール【VQAP02】の実行結果がエラーの場合、
K9: MAQP2300が正常終了し、コンソール詳細メッセージが正しく出力されていることを確認する。
C10: テストケースサブ番号（２桁） | AA10: 01 | AC10: 02
C11: テストケース内容
A12: 条件 | C12: ＱＡファイル名 | O12: HAEW62R（入力） | AA12: Y
O13: HAEJ16W（出力） | AC13: Y
C14: 共通＿ジョブログ出力機能【VQAP02】 | O14: 正常終了
O15: 異常終了 | AA15: Y | AC15: Y
A16: 処理 | C16: 異常終了処理を行う | AA16: ○ | AC16: ○
C17: MAQP2300が異常終了、異常として正しく判断し、処理されていることを確認する。(コンソールメッセージＩＤ：F000013) | AA17: ○ | AC17: ○
U18: テストショット番号 | AA18: 003-01 | AC18: 003-02
U19: 43938 | AA19: OK | AC19: OK
U21: 検証媒体： 画面
U22: XPEDITE | AA22: 〇 | AC22: 〇

Sheet 入力データ設計・出力結果予想
A1: ﾀｲﾄﾙ: | C1: ＩＴａ１仕様書（兼報告書） | Q1: Ver | S1: 最終承認日 | Y1: =目次!Y1 -> 43951 | AF1: 最終更新者・会社略称 | AL1: =目次!AL1 -> 趙美蘭 | AQ1: =目次!AQ1 -> JNW | AS1: 最終更新日 | AW1: =目次!AW1 -> 43936
Q2: =目次!Q2 -> 1 | S2: 最終承認者・会社略称 | Y2: =目次!Y2 -> 吉田(歩)次長 | AD2: =目次!AD2 -> DIR | AF2: 新規作成者・会社略称 | AL2: =目次!AL2 -> 趙美蘭 | AQ2: =目次!AQ2 -> JNW | AS2: 新規作成日 | AW2: =目次!AW2 -> 43936
A3: モジュールＩＤ： | F3: モジュール名称： | AF3: 件数 | AL3: バグ検出件数
A4: =目次!A4 -> MAQP2300 | F4: =目次!F4 -> ACPマネーロン銀行連携データ作成 | AF4: 20 | AL4: 0
A6: ＜入力データ設計・出力結果予想＞
C8: テストケース番号：001
G9: ※マシン日付：20200416
C10: テスト ケース 番号 | G10: 入力データ設計 | J10: 出力結果予想 | S10: 件数表示 | V10: 検証資料 | Y10: チェック日
G12: HAEW62R | J12: HAEJ16C(銀行連携データ（ヘッダ部）) | N12: HAEJ21C+HAEJ14C+HAEW62C(銀行連携データ（データ部）) | P12: HAEJ17C(銀行連携データ（トレーラ部）)
J13: ＥＢ大和ネクスト 銀行レコード区分 | K13: ＡＥ銀行連携年月日 | L13: ＡＥ銀行連携時刻 | M13: FILLER | P13: ＥＢ大和ネクスト銀行 レコード区分 | Q13: ＥＢ大和ネクスト銀行 データ総件数 -K | R13: FILLER
C14: 001 | G14: 0件 | J14: 1 | K14: 20200416 | L14: 183457 | M14: SPACE | N14: 出力なし | P14: 3 | Q14: 00000000 | R14: SPACE | S14: MAQP2300 HAEW62R KENSU = 000000000 MAQP2300 HAEJ16W KENSU = 000000000 | V14: HAEW62R:D05638.A2001003.MAQP2300.HAEW62R.T01 HAEJ16W:D05638.A2001003.MAQP2300.HAEJ16W.T01 JOBLOG:MAQP2300_RUN01.xls | Y14: 43937
C17: テストケース番号：002
H18: ※業務日付：20190924 | J18: ※マシン日付：20200423
C19: テスト ケース 番号 | G19: No | H19: 入力データ設計 | J19: 出力結果予想 | AC19: 件数表示 | AQ19: 検証資料 | BD19: チェック日
H21: HAEW62R | J21: HAEJ16C(銀行連携データ（ヘッダ部）) | N21: HAEJ21C+HAEJ14C+HAEW62C(銀行連携データ（データ部）) | Z21: HAEJ17C(銀行連携データ（トレーラ部）)
H22: 口座番号 | I22: その他 | J22: ＥＢ大和ネクスト 銀行レコード区分 | K22: ＡＥ銀行連携年月日 | L22: ＡＥ銀行連携時刻 | M22: FILLER | N22: ＥＢ大和ネクスト銀行 レコード区分 | O22: ＡＥ銀行連携年月日 | P22: ＡＥ銀行連携時刻 | Q22: ＥＢ大和ネクスト 銀行顧客店番 | R22: ＥＢ大和ネクスト 銀行顧客番号 | S22: 金融機関コード | T22: 預金店番 | U22: 預金口座番号 | V22: ＥＢ大和ネクスト 銀行預金科目区分 | W22: 口座番号 | X22: FILLER | Y22: アンロードファイル エリア | Z22: ＥＢ大和ネクスト銀行 レコード区分 | AA22: ＥＢ大和ネクスト銀行 データ総件数 -K | AB22: FILLER
C23: 002 | G23: 01 | H23: 921006373 | I23: あり | J23: 1 | K23: 20200423 | L23: 150447 | M23: SPACE | N23: 2 | O23: 20190924 | P23: SPACE | Q23: SPACE | R23: SPACE | S23: SPACE | T23: SPACE | U23: SPACE | V23: SPACE | W23: 921006373 | X23: SPACE | Y23: と入力一致 | Z23: 3 | AA23: 00000002 | AB23: SPACE | AC23: MAQP2300 HAEW62R KENSU = 000000002 MAQP2300 HAEJ16W KENSU = 000000002 | AQ23: HAEW62R:D05638.A2001003.MAQP2300.HAEW62R.T02 HAEJ16W:D05638.A2001003.MAQP2300.HAEJ16W.T02 JOBLOG:MAQP2300_RUN02.xls | BD23: 2020/4/23
G24: 02 | H24: 922023004 | N24: 2 | O24: 20190924 | P24: SPACE | Q24: SPACE | R24: SPACE | S24: SPACE | T24: SPACE | U24: SPACE | V24: SPACE | W24: 922023004 | X24: SPACE | Y24: と入力一致
C27: テストケース番号：003
G28: ※業務日付：20190924 | I28: ※マシン日付：20200417
C29: テスト ケース 番号 | G29: No | H29: テスト内容 | N29: 検正方法 | R29: 検証資料 | V29: チェック日
C33: 003 | G33: 01 | H33: 下位モジュール【VQAP02】にてエラーが発生した場合 | N33: XPEDITE | R33: ITa１結果(MAQP2300_テストケース003).xls | V33: 43938
G34: 02 | H34: 下位モジュール【VQAP02】にてエラーが発生した場合

Sheet ＩＴａ実施チェックリスト
A2: モジュールＩＤ | C2: モジュール名称
A3: MAQP2300 | C3: ACPマネーロン銀行連携データ作成
B5: 所属 | E5: 担当者 | F5: 作成・検証日 | H5: 備考
A6: 作成者 | B6: 基幹システム開発第一部 | E6: 趙美蘭 | F6: 43948
A7: 検証者 | B7: 基幹システム開発第一部 | E7: 李連鳳
A9: 区分 | B9: レビュー時のポイント | K9: チェック欄 | N9: 備考
A10: 共通 | B10: テスト仕様書のテストケースは全て実施されたか？ | K10: Ｙｅｓ■ | L10: Ｎｏ□ | M10: Ｎ/Ａ□
A11: 共通 | B11: 未実施のテストケースがある場合は、実施可能時期が明確か？ | K11: Ｙｅｓ□ | L11: Ｎｏ□ | M11: Ｎ/Ａ■
A12: 共通 | B12: テスト実施結果のレビューは全て受けたか？ | K12: Ｙｅｓ■ | L12: Ｎｏ□ | M12: Ｎ/Ａ□
A13: 共通 | B13: テストケース件数は目標テスト件数以上か？ | K13: Ｙｅｓ□ | L13: Ｎｏ□ | M13: Ｎ/Ａ■
A14: 共通 | B14: オンライン・レスポンスは極端に遅くないか？ | K14: Ｙｅｓ□ | L14: Ｎｏ□ | M14: Ｎ/Ａ■

Sheet ＩＴａ1未実施テスト一覧
A1: ﾀｲﾄﾙ: | C1: ＩＴａ１チェックリスト | Q1: Ver | S1: 最終承認日 | Y1: =目次!Y1 -> 43951 | AF1: 最終更新者・会社略称 | AL1: =目次!AL1 -> 趙美蘭 | AQ1: =目次!AQ1 -> JNW | AS1: 最終更新日 | AW1: =目次!AW1 -> 43936
Q2: =目次!Q2 -> 1 | S2: 最終承認者・会社略称 | Y2: =目次!Y2 -> 吉田(歩)次長 | AD2: =目次!AD2 -> DIR | AF2: 新規作成者・会社略称 | AL2: =目次!AL2 -> 趙美蘭 | AQ2: =目次!AQ2 -> JNW | AS2: 新規作成日 | AW2: =目次!AW2 -> 43936
A3: モジュールＩＤ： | F3: モジュール名称：
A4: =目次!A4 -> MAQP2300 | F4: =目次!F4 -> ACPマネーロン銀行連携データ作成
A10: ＡＣＰコード | F10: ＡＣＰ名称
A11: MAQP2300 | F11: ACPマネーロン銀行連携データ作成
D14: 所属 | N14: 担当者 | U14: 作成日・検証日 | AB14: 備考
A15: 作成者 | D15: 基幹システム開発第一部 | N15: 趙美蘭 | U15: 44614 | AB15: 未実施のテストケースなし
A17: 検証者 | D17: 基幹システム開発第一部 | N17: 李連鳳
A20: 項番 | D20: テスト項目 | W20: 未実施理由または、進捗阻害要因 | AR20: チェック欄
AR21: Yes | AT21: □ | AU21: No | AW21: □ | AX21: N/A | AZ21: □
AR22: Yes | AT22: □ | AU22: No | AW22: □ | AX22: N/A | AZ22: □
AR23: Yes | AT23: □ | AU23: No | AW23: □ | AX23: N/A | AZ23: □
AR24: Yes | AT24: □ | AU24: No | AW24: □ | AX24: N/A | AZ24: □
AR25: Yes | AT25: □ | AU25: No | AW25: □ | AX25: N/A | AZ25: □
AR26: Yes | AT26: □ | AU26: No | AW26: □ | AX26: N/A | AZ26: □

Sheet 裏表紙
